version,run,total_ms,wait_ms,first_frame_log_ms
original-98883d6,1,4955,4957,0
original-98883d6,2,3533,3534,0
original-98883d6,3,3824,3825,0
original-98883d6,4,3516,3517,0
original-98883d6,5,3526,3528,0
partial-b741330,1,3480,3498,0
partial-b741330,2,3458,3459,0
partial-b741330,3,3485,3487,0
partial-b741330,4,3515,3517,0
partial-b741330,5,3430,3430,0
optimized-head,1,3170,3171,2561
optimized-head,2,3266,3268,2583
optimized-head,3,3355,3356,2551
optimized-head,4,3251,3253,2559
optimized-head,5,3602,3603,2621
